Year,Unemployment Rate: Monthly: Thailand,CPI: TC: Communication and Equipments,"GDP,Total",Consumer Price Index,M2: YoY: Monthly: Thailand,inflaton rate total 
1/1/2001,0.057,110.1,"$10,398.07 ",68.8,5.11756342,0.02
2/1/2001,0.043,110.1,"$10,515.85 ",69.1,4.96558862,0.06
3/1/2001,0.04,110.1,"$10,199.69 ",69.1,5.78795027,0
4/1/2001,0.041,110.1,"$9,641.65 ",69.6,6.2268122,0.07
5/1/2001,0.042,110.1,"$9,635.15 ",69.8,6.37171049,0.04
6/1/2001,0.024,110.1,"$9,690.75 ",69.6,5.99696226,-0.03
7/1/2001,0.024,110.1,"$9,586.43 ",69.6,5.72183234,0
8/1/2001,0.021,110.1,"$9,743.12 ",69.6,5.48181992,-0.01
9/1/2001,0.034,110.1,"$9,869.78 ",69.8,5.68263429,0.03
10/1/2001,0.032,110.1,"$10,208.53 ",69.5,4.85196136,-0.05
11/1/2001,0.024,110.1,"$10,286.57 ",69.3,5.87884093,-0.02
12/1/2001,0.018,110.1,"$10,393.99 ",69.1,5.77196313,-0.03
1/1/2002,0.042,110.1,"$10,826.59 ",69.3,3.81990906,0.02
2/1/2002,0.028,110.1,"$10,871.64 ",69.4,4.48258725,0.01
3/1/2002,0.027,110.1,"$10,981.45 ",69.5,4.0818402,0.03
4/1/2002,0.037,110.1,"$10,809.36 ",69.9,4.23380985,0.05
5/1/2002,0.03,110.1,"$10,967.35 ",70,4.26720524,0.01
6/1/2002,0.019,110,"$11,138.13 ",69.8,4.33061176,-0.02
7/1/2002,0.017,110,"$11,464.88 ",69.8,4.35266123,-0.01
8/1/2002,0.018,109.9,"$11,210.60 ",69.8,5.23170292,0.01
9/1/2002,0.02,109.9,"$11,027.49 ",70.1,0.76335403,0.04
10/1/2002,0.026,109.9,"$11,545.28 ",70.4,0.78872103,0.06
11/1/2002,0.015,109.9,"$11,621.96 ",70.2,1.06715236,-0.05
12/1/2002,0.014,109.8,"$11,631.21 ",70.2,1.305895,0.01
1/1/2003,0.034,109.8,"$12,264.04 ",70.8,3.40353824,0.09
2/1/2003,0.023,109.8,"$12,228.79 ",70.7,2.95846932,-0.02
3/1/2003,0.029,109.8,"$12,261.29 ",70.7,3.11158941,0.01
4/1/2003,0.027,109.8,"$11,840.91 ",71,2.29628321,0.04
5/1/2003,0.027,109.8,"$12,040.47 ",71.3,3.1864849,0.04
6/1/2003,0.021,109.8,"$12,197.03 ",71,2.99901842,-0.04
7/1/2003,0.014,109.8,"$12,423.37 ",71,2.92398367,0
8/1/2003,0.015,109.8,"$12,468.49 ",71.4,2.02222404,0.05
9/1/2003,0.018,109.3,"$12,829.92 ",71.3,6.16564483,-0.01
10/1/2003,0.025,108.4,"$13,920.56 ",71.4,6.02871474,0.01
11/1/2003,0.015,108.4,"$13,859.73 ",71.5,6.60120183,0.01
12/1/2003,0.015,108.4,"$13,925.99 ",71.5,6.24203137,0.01
1/1/2004,0.037,108.4,"$14,424.83 ",71.8,6.59955166,0.03
2/1/2004,0.024,108.4,"$14,427.90 ",72.3,6.65838451,0.07
3/1/2004,0.024,108.1,"$14,298.57 ",72.5,6.69237351,0.02
4/1/2004,0.028,108.1,"$14,221.46 ",72.8,8.25277738,0.06
5/1/2004,0.026,108.1,"$13,833.21 ",73.1,7.45248111,0.04
6/1/2004,0.021,108.1,"$13,742.81 ",73.3,6.60986259,0.02
7/1/2004,0.014,108.1,"$13,998.28 ",73.4,7.69479182,0.01
8/1/2004,0.015,108.1,"$13,816.59 ",73.6,7.20895149,0.05
9/1/2004,0.018,108.1,"$13,832.25 ",73.8,7.34946202,0.04
10/1/2004,0.016,108.1,"$14,989.87 ",73.8,7.361371,0
11/1/2004,0.015,108.1,"$15,366.35 ",73.6,6.33318616,-0.04
12/1/2004,0.015,108.1,"$15,797.07 ",73.6,5.78888857,0
1/1/2005,0.033,108.1,"$16,056.54 ",73.6,5.56234519,0.01
2/1/2005,0.023,108.1,"$16,178.95 ",74,5.71926268,0.06
3/1/2005,0.021,108.1,"$16,117.03 ",74.8,4.80619854,0.08
4/1/2005,0.022,106.3,"$15,424.62 ",75.3,3.59332465,0.08
5/1/2005,0.02,106.3,"$15,316.46 ",75.8,3.59718735,0.06
6/1/2005,0.019,106.3,"$14,898.59 ",76,4.17478203,0.03
7/1/2005,0.014,106.3,"$15,210.40 ",77.2,3.78230113,0.16
8/1/2005,0.014,106.3,"$15,420.37 ",77.7,4.4306475,0.07
9/1/2005,0.013,104.9,"$15,454.64 ",78.2,4.87268872,0.07
10/1/2005,0.018,104.9,"$16,438.42 ",78.5,4.51404142,0.03
11/1/2005,0.012,104.9,"$16,357.63 ",77.9,5.289308,-0.07
12/1/2005,0.014,101.6,"$16,366.11 ",77.8,6.0971795,-0.01
1/1/2006,0.022,101.6,"$17,835.75 ",78,7.46104263,0.02
2/1/2006,0.016,101.6,"$17,915.22 ",78.1,7.12281993,0.03
3/1/2006,0.018,101.6,"$18,097.47 ",79,8.55861382,0.1
4/1/2006,0.021,101.6,"$17,974.97 ",79.9,9.34305983,0.12
5/1/2006,0.014,101.5,"$17,977.43 ",80.5,10.05829197,0.07
6/1/2006,0.015,101.5,"$17,789.07 ",80.5,9.30866111,0
7/1/2006,0.011,101.5,"$18,213.85 ",80.7,9.29693419,0.02
8/1/2006,0.014,101.5,"$18,398.96 ",80.7,9.41253057,0.01
9/1/2006,0.012,101.5,"$18,477.61 ",80.4,8.59407343,-0.03
10/1/2006,0.017,101.5,"$19,356.17 ",80.8,8.86538255,0.04
11/1/2006,0.012,101.4,"$19,770.01 ",80.7,8.8843597,-0.01
12/1/2006,0.01,101.4,"$20,216.98 ",80.7,8.15116703,-0.01
1/1/2007,0.016,101.4,"$21,390.99 ",80.4,6.99306733,-0.03
2/1/2007,0.015,101.4,"$22,211.96 ",80.1,8.2328669,-0.04
3/1/2007,0.016,101.4,"$23,059.88 ",80.6,8.25601631,0.07
4/1/2007,0.017,101.4,"$22,489.46 ",81.3,8.03346304,0.1
5/1/2007,0.016,101.4,"$22,217.60 ",82,8.02722314,0.08
6/1/2007,0.014,101.3,"$22,561.41 ",82,8.06885688,0
7/1/2007,0.012,101.3,"$24,528.43 ",82,8.23004569,0
8/1/2007,0.012,101.3,"$23,441.18 ",81.5,7.24881058,-0.05
9/1/2007,0.012,101.3,"$23,250.76 ",82,6.92591405,0.06
10/1/2007,0.0141,101.2,"$25,320.93 ",82.7,7.14473547,0.09
11/1/2007,0.011,101.1,"$25,464.07 ",83.1,5.66044136,0.04
12/1/2007,0.0085,101.1,"$26,468.51 ",83.1,6.25265237,0.01
1/1/2008,0.0172,101.1,"$26,931.95 ",83.9,5.83446134,0.08
2/1/2008,0.0153,101,"$26,181.03 ",84.4,5.7252285,0.07
3/1/2008,0.0152,101,"$25,989.03 ",84.9,5.6555883,0.06
4/1/2008,0.0146,101,"$25,826.45 ",86.3,5.29779695,0.18
5/1/2008,0.0147,101,"$25,449.05 ",88.3,4.60570893,0.21
6/1/2008,0.0116,100.9,"$24,567.64 ",89.1,4.35879173,0.12
7/1/2008,0.013,100.9,"$24,542.37 ",89.5,2.89515764,0.03
8/1/2008,0.012,100.9,"$24,289.10 ",86.9,4.34770298,-0.3
9/1/2008,0.011,100.9,"$23,992.14 ",87,4.69521444,0.02
10/1/2008,0.012,100.9,"$22,747.63 ",85.9,5.30119344,-0.12
11/1/2008,0.014,100.9,"$22,348.91 ",84.9,7.30190694,-0.12
12/1/2008,0.014,100.9,"$22,365.76 ",83.5,9.16331586,-0.16
1/1/2009,0.024,100.8,"$22,550.96 ",83.5,9.33864754,0
2/1/2009,0.019,100.7,"$22,271.29 ",84.3,9.44327825,0.1
3/1/2009,0.019,100.7,"$22,004.62 ",84.7,8.94037369,0.05
4/1/2009,0.021,100.7,"$22,058.68 ",85.5,8.95950898,0.1
5/1/2009,0.017,100.7,"$22,555.36 ",85.3,9.1669461,-0.03
6/1/2009,0.014,100.7,"$22,899.54 ",85.6,9.01356241,0.04
7/1/2009,0.012,100.7,"$23,464.29 ",85.6,7.88788483,0
8/1/2009,0.012,100.7,"$23,480.64 ",85.9,7.55072247,0.04
9/1/2009,0.012,100.7,"$23,633.53 ",86.1,7.47102339,0.02
10/1/2009,0.011,100.7,"$25,567.65 ",86.2,6.92215511,0.02
11/1/2009,0.01,100.7,"$25,665.97 ",86.5,6.38084267,0.03
12/1/2009,0.009,100.7,"$25,710.49 ",86.4,6.76929872,-0.01
1/1/2010,0.014,100.65,"$27,761.44 ",86.92,5.55048622,0.06
2/1/2010,0.01,100.64,"$27,682.07 ",87.4,4.71633286,0.056
3/1/2010,0.01,100.64,"$28,219.50 ",87.6,6.09100859,0.023
4/1/2010,0.012,100.63,"$27,396.75 ",88.04,5.52412431,0.05
5/1/2010,0.015,100.63,"$27,315.14 ",88.21,6.83234295,0.02
6/1/2010,0.012,100.7,"$27,247.04 ",88.44,7.03676451,0.026
7/1/2010,0.009,100.7,"$27,424.95 ",88.57,8.83005136,0.016
8/1/2010,0.009,100.7,"$27,919.72 ",88.79,8.51578865,0.023
9/1/2010,0.009,100.7,"$28,772.63 ",88.72,9.92743771,-0.007
10/1/2010,0.009,100.65,"$30,622.28 ",88.74,11.23121965,0.003
11/1/2010,0.01,100.64,"$30,675.08 ",88.93,11.12293726,0.021
12/1/2010,0.007,100.51,"$30,454.14 ",89.07,10.94428074,0.016
1/1/2011,0.0098,100.49,"$32,304.83 ",89.56,11.48290472,0.054
2/1/2011,0.007,100.49,"$32,147.18 ",89.92,13.79051431,0.04
3/1/2011,0.0072,100.48,"$32,531.15 ",90.36,13.16095783,0.049
4/1/2011,0.0075,100.47,"$31,188.38 ",91.6,15.23235003,0.138
5/1/2011,0.0053,100.44,"$31,004.06 ",91.91,14.17048181,0.034
6/1/2011,0.0042,100.43,"$30,720.95 ",92.03,16.20111057,0.013
7/1/2011,0.0052,100.38,"$31,640.48 ",92.2,17.47168338,0.018
8/1/2011,0.0068,100.38,"$31,824.77 ",92.6,17.37750137,0.043
9/1/2011,0.0075,100.35,"$31,214.97 ",92.28,16.07281486,-0.033
10/1/2011,0.0056,100.35,"$29,005.34 ",92.46,16.0753522,0.019
11/1/2011,0.0082,100.35,"$28,919.07 ",92.66,15.87488828,0.021
12/1/2011,0.0043,100.34,"$28,693.84 ",92.22,15.1214329,-0.048
1/1/2012,0.0081,100.34,"$32,227.49 ",92.58,15.78448347,0.039
2/1/2012,0.0066,100.31,"$33,089.76 ",92.92,13.61056651,0.037
3/1/2012,0.0073,100.31,"$33,069.72 ",93.47,13.07416168,0.059
4/1/2012,0.0097,100.31,"$32,332.16 ",93.86,10.63393303,0.042
5/1/2012,0.0092,100.3,"$31,894.38 ",94.23,10.21313172,0.039
6/1/2012,0.0067,100.29,"$31,561.26 ",94.39,11.17863761,0.016
7/1/2012,0.0056,100.29,"$32,175.41 ",94.71,10.54185006,0.035
8/1/2012,0.0056,100.29,"$32,401.99 ",95.09,10.78176398,0.04
9/1/2012,0.0063,100.28,"$32,876.12 ",95.4,12.72074256,0.034
10/1/2012,0.0056,100.29,"$35,487.01 ",95.53,11.78566749,0.013
11/1/2012,0.0039,100.23,"$35,466.08 ",95.19,11.73019584,-0.035
12/1/2012,0.0048,100.24,"$35,557.60 ",95.56,10.37341705,0.039
1/1/2013,0.0083,100.19,"$36,478.85 ",95.71,9.68775412,0.016
2/1/2013,0.0062,100.19,"$36,760.91 ",95.92,9.27335454,0.021
3/1/2013,0.0069,100.19,"$37,154.38 ",95.98,9.52497518,0.007
4/1/2013,0.0089,100.19,"$36,018.99 ",96.13,10.51854866,0.016
5/1/2013,0.0077,100.18,"$35,166.38 ",96.37,11.79970986,0.024
6/1/2013,0.0055,100.18,"$33,963.35 ",96.51,10.22346884,0.015
7/1/2013,0.0089,100.18,"$34,056.18 ",96.61,9.17098339,0.01
8/1/2013,0.0081,100.18,"$33,563.86 ",96.6,8.7230753,-0.001
9/1/2013,0.0067,100.18,"$33,489.59 ",96.76,7.07833419,0.016
10/1/2013,0.0062,100.18,"$35,374.40 ",96.92,6.3336263,0.017
11/1/2013,0.0072,100.18,"$34,883.12 ",97.02,6.29372194,0.009
12/1/2013,0.0062,100.2,"$34,099.96 ",97.16,7.32882462,0.014
1/1/2014,0.0094,100.2,"$33,632.75 ",97.56,7.45486233,0.042
2/1/2014,0.0086,100.2,"$33,950.64 ",97.8,7.4154132,0.023
3/1/2014,0.0088,100.2,"$34,219.21 ",98,6.39078118,0.022
4/1/2014,0.009,100.2,"$33,467.68 ",98.49,5.94617894,0.05
5/1/2014,0.0094,100.2,"$33,233.59 ",98.89,4.38563503,0.04
6/1/2014,0.0115,100.2,"$33,269.59 ",98.78,4.34797895,-0.01
7/1/2014,0.0097,100.19,"$33,843.82 ",98.7,4.2308739,-0.008
8/1/2014,0.0074,100.18,"$33,930.11 ",98.62,4.06195976,-0.008
9/1/2014,0.008,100.18,"$33,727.46 ",98.45,4.02264905,-0.017
10/1/2014,0.0075,100.18,"$35,011.33 ",98.35,4.42760091,-0.01
11/1/2014,0.0055,100.18,"$34,641.87 ",98.24,4.63123836,-0.012
12/1/2014,0.0056,100.18,"$34,536.75 ",97.74,4.64784957,-0.05
1/1/2015,0.0106,100.18,"$34,953.64 ",97.17,5.07417644,-0.059
2/1/2015,0.0082,100.18,"$35,134.53 ",97.28,5.56343177,0.012
3/1/2015,0.0099,100.17,"$35,064.53 ",97.45,6.22980631,0.017
4/1/2015,0.0085,100.17,"$34,172.77 ",97.47,6.17285348,0.002
5/1/2015,0.0093,100.16,"$33,147.29 ",97.63,6.41268942,0.017
6/1/2015,0.0083,100.16,"$32,952.05 ",97.73,6.12976823,0.01
7/1/2015,0.01,100.16,"$33,150.90 ",97.66,6.12494115,-0.007
8/1/2015,0.0097,100.16,"$32,174.93 ",97.45,5.5325425,-0.023
9/1/2015,0.0078,100.16,"$31,623.12 ",97.4,5.44100025,-0.005
10/1/2015,0.0085,100.15,"$33,277.48 ",97.59,5.43502852,0.02
11/1/2015,0.009,100.15,"$33,185.03 ",97.28,4.83394094,-0.032
12/1/2015,0.0065,100.15,"$32,986.62 ",96.9,4.43563649,-0.039
1/1/2016,0.0091,100.15,"$33,199.32 ",96.65,4.02061011,-0.026
2/1/2016,0.0087,100.15,"$33,690.93 ",96.79,3.70826335,0.015
3/1/2016,0.0104,100.14,"$34,058.16 ",97,3.65536089,0.021
4/1/2016,0.0104,100.14,"$33,815.89 ",97.53,4.29024013,0.055
5/1/2016,0.012,100.14,"$33,486.69 ",98.08,3.69034112,0.056
6/1/2016,0.0101,100.13,"$33,620.38 ",98.11,4.29310116,0.003
7/1/2016,0.0101,100.13,"$34,514.95 ",97.77,4.27155527,-0.035
8/1/2016,0.0093,100.13,"$34,841.88 ",97.73,4.37535409,-0.004
9/1/2016,0.0087,100.13,"$34,840.78 ",97.77,4.01252889,0.004
10/1/2016,0.0119,100.13,"$36,203.01 ",97.92,4.56540079,0.016
11/1/2016,0.0099,100.11,"$35,916.13 ",97.87,4.37929173,-0.006
12/1/2016,0.008,100.11,"$35,471.31 ",97.99,4.2217865,0.013
1/1/2017,0.0118,100.11,"$36,040.31 ",98.15,4.06467208,0.016
2/1/2017,0.0112,100.1,"$36,483.11 ",98.19,3.87715206,0.004
3/1/2017,0.0129,100.1,"$36,612.51 ",97.74,3.3272482,-0.046
4/1/2017,0.0125,100.1,"$36,317.39 ",97.9,3.63544393,0.016
5/1/2017,0.0132,100.1,"$36,309.17 ",98.04,4.20088136,0.015
6/1/2017,0.0107,100.1,"$36,809.33 ",98.06,4.3704371,0.002
7/1/2017,0.0124,100.1,"$38,116.36 ",97.93,4.43575459,-0.013
8/1/2017,0.0112,100.09,"$38,646.02 ",98.04,4.70785543,0.011
9/1/2017,0.0117,100.1,"$38,772.56 ",98.61,4.82200691,0.058
10/1/2017,0.0129,100.09,"$40,641.06 ",98.76,4.24181088,0.016
11/1/2017,0.0114,100.09,"$41,046.47 ",98.83,4.57220767,0.007
12/1/2017,0.0096,100.09,"$41,391.29 ",98.75,5.012771,-0.008
1/1/2018,0.0126,100.09,"$42,391.70 ",98.82,5.08164918,0.007
2/1/2018,0.0128,100.06,"$42,903.25 ",98.6,4.97565153,-0.023
3/1/2018,0.0116,100.05,"$43,223.89 ",98.51,6.16318342,-0.009
4/1/2018,0.0106,100.05,"$42,581.04 ",98.95,5.47316158,0.045
5/1/2018,0.0104,100.04,"$41,707.81 ",99.5,5.32489091,0.056
6/1/2018,0.011,100.03,"$41,036.88 ",99.42,5.12058476,-0.009
7/1/2018,0.0098,100.03,"$40,732.48 ",99.37,4.97728724,-0.005
8/1/2018,0.0104,100.03,"$41,047.23 ",99.63,4.55698412,0.026
9/1/2018,0.0097,100.03,"$41,594.81 ",99.92,4.81310887,0.029
10/1/2018,0.0101,100.03,"$43,295.38 ",99.98,5.25029029,0.006
11/1/2018,0.0095,100.03,"$43,052.42 ",99.76,4.73686203,-0.022
12/1/2018,0.0091,100.03,"$43,369.25 ",99.1,4.66754764,-0.065
1/1/2019,0.0102,100.03,"$44,275.34 ",99.08,4.34817386,-0.002
2/1/2019,0.0078,100.02,"$44,911.76 ",99.32,4.76210479,0.024
3/1/2019,0.009,100.01,"$44,334.36 ",99.73,3.7827431,0.041
4/1/2019,0.0096,100.01,"$43,479.56 ",100.17,4.13386996,0.044
5/1/2019,0.0111,100.01,"$43,549.71 ",100.64,3.79358079,0.048
6/1/2019,0.0094,100,"$44,523.46 ",100.28,3.30919828,-0.036
7/1/2019,0.0114,100,"$45,208.73 ",100.34,3.71325137,0.006
8/1/2019,0.01,100,"$45,290.20 ",100.15,4.52767616,-0.019
9/1/2019,0.0102,100,"$45,566.02 ",100.24,4.70747975,0.01
10/1/2019,0.0095,99.99,"$47,641.38 ",100.09,4.38414831,-0.016
11/1/2019,0.0112,99.98,"$47,804.59 ",99.96,4.34407414,-0.013
12/1/2019,0.0096,99.98,"$47,875.51 ",99.97,3.63689699,0.001
1/1/2020,0.0107,99.98,"$45,295.62 ",100.13,3.77931055,0.016
2/1/2020,0.0109,99.97,"$44,062.68 ",100.05,3.26020058,-0.008
3/1/2020,0.0103,99.97,"$43,002.93 ",99.19,7.73945646,-0.086
7/1/2020,0.0215,99.96,"$36,198.71 ",99.36,11.42127908,-0.203
8/1/2020,0.0186,99.96,"$36,799.23 ",99.65,10.59493249,0.001
9/1/2020,0.0179,99.96,"$37,907.85 ",99.54,9.77860526,0.156
10/1/2020,0.0209,99.96,"$40,972.06 ",99.59,9.33937822,0.066
11/1/2020,0.02,99.96,"$41,258.61 ",99.55,10.03921597,0.029
12/1/2020,0.0149,99.96,"$41,030.05 ",99.7,10.15991547,-0.011
1/1/2021,0.0151,98.98,"$43,924.84 ",99.79,9.76704299,0.005
1/2/2021,0.0176,98.9,"$45,049.23 ",98.88,9.94996206,-0.004
1/3/2021,0.0196,98.31,"$45,628.36 ",99.11,5.72045872,0.015
1/4/2021,0.0201,98.7,"$44,930.79 ",100.48,4.26786695,0.009
1/5/2021,0.0176,98.75,"$44,900.56 ",99.55,3.5033852,-0.091
1/6/2021,0.0189,98.75,"$43,767.06 ",99.93,2.93807168,0.023
1/7/2021,0.019,98.75,"$41,683.22 ",99.81,3.16789469,0.138
1/8/2021,0.02,98.7,"$41,750.66 ",99.63,3.91783244,-0.093
1/9/2021,0.0225,98.57,"$41,525.99 ",101.21,4.81943413,0.038
1/10/2021,0.019,98.57,"$40,083.89 ",101.96,5.35385584,-0.012
1/11/2021,0.017,98.46,"$39,567.76 ",102.25,4.58297253,-0.018
1/12/2021,0.0164,98.45,"$39,558.56 ",101.86,4.80510892,0.159
1/1/2022,0.019,99.88,"$42,871.01 ",103.01,5.12432853,0.074
2/1/2022,0.014,99.87,"$43,314.08 ",104.1,5.42848825,0.028
3/1/2022,0.012,99.87,"$42,708.78 ",104.79,6.27458873,-0.038
4/1/2022,0.013,99.88,"$43,024.42 ",105.15,5.99761082,0.113
5/1/2022,0.016,99.87,"$43,780.97 ",106.62,5.81427786,0.106
6/1/2022,0.014,99.87,"$42,996.72 ",107.58,6.2816333,0.066
7/1/2022,0.013,99.87,"$41,568.92 ",107.41,5.3932872,0.034
8/1/2022,0.0122,99.87,"$40,805.76 ",107.46,5.14890658,0.14
9/1/2022,0.0115,99.88,"$40,215.38 ",107.7,4.52295391,0.09
10/1/2022,0.014,99.87,"$39,728.47 ",108.06,4.17228001,-0.016
11/1/2022,0.0115,99.87,"$40,366.33 ",107.92,4.70947744,0.005
12/1/2022,0.0096,99.89,"$39,022.46 ",107.86,3.87577443,0.022
1/1/2023,0.0122,99.89,"$39,891.45 ",108.18,3.64549359,0.033
2/1/2023,0.0088,99.89,"$41,531.94 ",108.05,3.49650618,-0.013
3/1/2023,0.0103,99.89,"$43,498.63 ",107.76,2.73365187,-0.006
4/1/2023,0.0103,99.94,"$45,368.67 ",107.96,2.28441704,0.03
5/1/2023,0.0128,99.94,"$44,183.97 ",107.19,1.8463801,-0.012
6/1/2023,0.0089,100,"$43,685.77 ",107.83,1.72967148,-0.027
7/1/2023,0.0115,100,"$42,192.14 ",107.82,1.6111705,0.019
8/1/2023,0.0098,100,"$42,233.34 ",108.41,1.33191803,-0.071
9/1/2023,0.0085,100,"$41,372.13 ",108.02,1.8643837,0.06
10/1/2023,0.0085,100,"$42,832.86 ",107.72,1.77197721,-0.001
11/1/2023,0.008,100.06,"$42,268.79 ",107.45,1.51662571,0.055
12/1/2023,0.0079,100.05,"$41,251.92 ",106.96,1.95048121,-0.036
1/1/2024,0.0108,100.04,"$42,359.53 ",106.98,2.36656648,-0.028
2/1/2024,0.0098,100.04,"$43,615.29 ",107.22,2.57411311,-0.025
3/1/2024,0.0098,100.04,"$44,131.48 ",107.25,2.50576987,-0.046
4/1/2024,0.011,100.04,"$43,672.84 ",108.16,2.62306018,0.002
5/1/2024,0.0121,100.03,"$42,909.48 ",108.84,3.10340353,0.022
